{
    "Properties":{
       "PropertyInfo":[
          {
             "@type":"PropertyInfo",
             "status":"Open",
             "id":"SI-00605",
             "PropertySummary":{
                "name":"SHERATON DENVER WEST HOTEL",
                "id":"SI-00605",
                "PropertyKey":{
                   "chainCode":"SI",
                   "propertyCode":"00605"
                },
                "Rating":[
                   {
                      "provider":"NTM",
                      "value":"4"
                   }
                ],
                "GeoLocation":{
                   "latitude":"39.7194",
                   "longitude":"-105.1324"
                }
             },
             "RackRate":{
                "code":"USD",
                "value":119
             },
             "RelativePosition":{
                "distance":2
             }
          },
          {
             "@type":"PropertyInfo",
             "status":"Open",
             "id":"MC-07474",
             "PropertySummary":{
                "name":"DENVER MARRIOTT WEST",
                "id":"MC-07474",
                "PropertyKey":{
                   "chainCode":"MC",
                   "propertyCode":"07474"
                },
                "Rating":[
                   {
                      "provider":"NTM",
                      "value":"4"
                   }
                ],
                "GeoLocation":{
                   "latitude":"39.7418",
                   "longitude":"-105.1613"
                }
             },
             "RackRate":{
                "code":"USD",
                "value":139
             },
             "RelativePosition":{
                "distance":4
             }
          },
          {
             "@type":"PropertyInfo",
             "status":"Open",
             "id":"HT-22721",
             "PropertySummary":{
                "name":"HOME2 SUITES DENVER WEST FED CTR",
                "id":"HT-22721",
                "PropertyKey":{
                   "chainCode":"HT",
                   "propertyCode":"22721"
                },
                "Rating":[
                   {
                      "provider":"NTM",
                      "value":"3"
                   }
                ],
                "GeoLocation":{
                   "latitude":"39.7165",
                   "longitude":"-105.1359"
                }
             },
             "RackRate":{
                "code":"USD",
                "value":107.52
             },
             "RelativePosition":{
                "distance":2
             }
          },
          {
             "@type":"PropertyInfo",
             "status":"Open",
             "id":"HG-44507",
             "PropertySummary":{
                "name":"HOMEWOOD STE DENVER W LAKEWOOD",
                "id":"HG-44507",
                "PropertyKey":{
                   "chainCode":"HG",
                   "propertyCode":"44507"
                },
                "Rating":[
                   {
                      "provider":"NTM",
                      "value":"3"
                   }
                ],
                "GeoLocation":{
                   "latitude":"39.7159",
                   "longitude":"-105.1356"
                }
             },
             "RackRate":{
                "code":"USD",
                "value":127.68
             },
             "RelativePosition":{
                "distance":2
             }
          },
          {
             "@type":"PropertyInfo",
             "status":"Open",
             "id":"RC-29894",
             "PropertySummary":{
                "name":"RESIDENCE INN MARRIOTT DEN WES",
                "id":"RC-29894",
                "PropertyKey":{
                   "chainCode":"RC",
                   "propertyCode":"29894"
                },
                "Rating":[
                   {
                      "provider":"NTM",
                      "value":"3"
                   }
                ],
                "GeoLocation":{
                   "latitude":"39.7245",
                   "longitude":"-105.1628"
                }
             },
             "RackRate":{
                "code":"USD",
                "value":109.65
             },
             "RelativePosition":{
                "distance":3
             }
          },
          {
             "@type":"PropertyInfo",
             "status":"Open",
             "id":"CY-30068",
             "PropertySummary":{
                "name":"COURTYARD MARRIOTT GOLDEN",
                "id":"CY-30068",
                "PropertyKey":{
                   "chainCode":"CY",
                   "propertyCode":"30068"
                },
                "Rating":[
                   {
                      "provider":"NTM",
                      "value":"3"
                   }
                ],
                "GeoLocation":{
                   "latitude":"39.7243",
                   "longitude":"-105.1641"
                }
             },
             "RackRate":{
                "code":"USD",
                "value":101.15
             },
             "RelativePosition":{
                "distance":3
             }
          },
          {
             "@type":"PropertyInfo",
             "status":"Open",
             "id":"HY-C0276",
             "PropertySummary":{
                "name":"HYATT HOUSE DENVER/LAKEWOOD AT BELM",
                "id":"HY-C0276",
                "PropertyKey":{
                   "chainCode":"HY",
                   "propertyCode":"C0276"
                },
                "Rating":[
                   {
                      "provider":"NTM",
                      "value":"3"
                   }
                ],
                "GeoLocation":{
                   "latitude":"39.7091",
                   "longitude":"-105.0783"
                }
             },
             "RackRate":{
                "code":"USD",
                "value":269
             },
             "RelativePosition":{
                "distance":4
             }
          },
          {
             "@type":"PropertyInfo",
             "status":"Open",
             "id":"HI-03565",
             "PropertySummary":{
                "name":"HOLIDAY INN LAKEWOOD",
                "id":"HI-03565",
                "PropertyKey":{
                   "chainCode":"HI",
                   "propertyCode":"03565"
                },
                "Rating":[
                   {
                      "provider":"NTM",
                      "value":"3"
                   }
                ],
                "GeoLocation":{
                   "latitude":"39.6518",
                   "longitude":"-105.0791"
                }
             },
             "RackRate":{
                "code":"USD",
                "value":128
             },
             "RelativePosition":{
                "distance":5
             }
          },
          {
             "@type":"PropertyInfo",
             "status":"Open",
             "id":"CY-97711",
             "PropertySummary":{
                "name":"COURTYARD LAKEWOOD MARRIOTT",
                "id":"CY-97711",
                "PropertyKey":{
                   "chainCode":"CY",
                   "propertyCode":"97711"
                },
                "Rating":[
                   {
                      "provider":"NTM",
                      "value":"3"
                   }
                ],
                "GeoLocation":{
                   "latitude":"39.6526",
                   "longitude":"-105.0762"
                }
             },
             "RackRate":{
                "code":"USD",
                "value":147.6
             },
             "RelativePosition":{
                "distance":5
             }
          },
          {
             "@type":"PropertyInfo",
             "status":"Open",
             "id":"RC-97463",
             "PropertySummary":{
                "name":"RESIDENCE INN LAKEWOO MARRIOTT",
                "id":"RC-97463",
                "PropertyKey":{
                   "chainCode":"RC",
                   "propertyCode":"97463"
                },
                "Rating":[
                   {
                      "provider":"NTM",
                      "value":"3"
                   }
                ],
                "GeoLocation":{
                   "latitude":"39.6526",
                   "longitude":"-105.0754"
                }
             },
             "RackRate":{
                "code":"USD",
                "value":119
             },
             "RelativePosition":{
                "distance":5
             }
          },
          {
             "@type":"PropertyInfo",
             "status":"Open",
             "id":"HG-90672",
             "PropertySummary":{
                "name":"HOMEWOOD SUITES DENVER LITTLETON",
                "id":"HG-90672",
                "PropertyKey":{
                   "chainCode":"HG",
                   "propertyCode":"90672"
                },
                "Rating":[
                   {
                      "provider":"NTM",
                      "value":"3"
                   }
                ],
                "GeoLocation":{
                   "latitude":"39.5768",
                   "longitude":"-105.1358"
                }
             },
             "RackRate":{
                "code":"USD",
                "value":123.84
             },
             "RelativePosition":{
                "distance":8
             }
          },
          {
             "@type":"PropertyInfo",
             "status":"Open",
             "id":"GI-C9701",
             "PropertySummary":{
                "name":"HILTON GARDEN INN ARVADA DENVER",
                "id":"GI-C9701",
                "PropertyKey":{
                   "chainCode":"GI",
                   "propertyCode":"C9701"
                },
                "Rating":[
                   {
                      "provider":"NTM",
                      "value":"3"
                   }
                ],
                "GeoLocation":{
                   "latitude":"39.7964",
                   "longitude":"-105.0818"
                }
             },
             "RackRate":{
                "code":"USD",
                "value":118.08
             },
             "RelativePosition":{
                "distance":9
             }
          },
          {
             "@type":"PropertyInfo",
             "status":"Open",
             "id":"RC-15335",
             "PropertySummary":{
                "name":"RESIDENCE INN MARRIOTT DOWNTWN",
                "id":"RC-15335",
                "PropertyKey":{
                   "chainCode":"RC",
                   "propertyCode":"15335"
                },
                "Rating":[
                   {
                      "provider":"NTM",
                      "value":"3"
                   }
                ],
                "GeoLocation":{
                   "latitude":"39.7572",
                   "longitude":"-105.0158"
                }
             },
             "RackRate":{
                "code":"USD",
                "value":139
             },
             "RelativePosition":{
                "distance":10
             }
          },
          {
             "@type":"PropertyInfo",
             "status":"Close",
             "id":"BW-25409",
             "PropertySummary":{
                "name":"BEST WESTERN DENVER SOUTHWEST",
                "id":"BW-25409",
                "PropertyKey":{
                   "chainCode":"BW",
                   "propertyCode":"25409"
                },
                "Rating":[
                   {
                      "provider":"NTM",
                      "value":"3"
                   }
                ],
                "GeoLocation":{
                   "latitude":"39.6541",
                   "longitude":"-105.0801"
                }
             },
             "RackRate":{
                "code":"NA",
                "value":0
             },
             "RelativePosition":{
                "distance":5
             }
          },
          {
             "@type":"PropertyInfo",
             "status":"Close",
             "id":"WV-18916",
             "PropertySummary":{
                "name":"TABLE MOUNTAIN INN",
                "id":"WV-18916",
                "PropertyKey":{
                   "chainCode":"WV",
                   "propertyCode":"18916"
                },
                "Rating":[
                   {
                      "provider":"NTM",
                      "value":"3"
                   }
                ],
                "GeoLocation":{
                   "latitude":"39.7539",
                   "longitude":"-105.2204"
                }
             },
             "RackRate":{
                "code":"NA",
                "value":0
             },
             "RelativePosition":{
                "distance":7
             }
          },
          {
             "@type":"PropertyInfo",
             "status":"Open",
             "id":"HX-76473",
             "PropertySummary":{
                "name":"HAMPTON INN DENVER W LAKEWOOD",
                "id":"HX-76473",
                "PropertyKey":{
                   "chainCode":"HX",
                   "propertyCode":"76473"
                },
                "Rating":[
                   {
                      "provider":"NTM",
                      "value":"2"
                   }
                ],
                "GeoLocation":{
                   "latitude":"39.7149",
                   "longitude":"-105.1350"
                }
             },
             "RackRate":{
                "code":"USD",
                "value":127.68
             },
             "RelativePosition":{
                "distance":2
             }
          },
          {
             "@type":"PropertyInfo",
             "status":"Open",
             "id":"YO-34088",
             "PropertySummary":{
                "name":"CANDLEWOOD SUITES LAKEWOOD",
                "id":"YO-34088",
                "PropertyKey":{
                   "chainCode":"YO",
                   "propertyCode":"34088"
                },
                "Rating":[
                   {
                      "provider":"NTM",
                      "value":"2"
                   }
                ],
                "GeoLocation":{
                   "latitude":"39.7305",
                   "longitude":"-105.1295"
                }
             },
             "RackRate":{
                "code":"USD",
                "value":109
             },
             "RelativePosition":{
                "distance":3
             }
          },
          {
             "@type":"PropertyInfo",
             "status":"Open",
             "id":"TO-04816",
             "PropertySummary":{
                "name":"TOWNEPLACE DEN FEDCTR MARRIOTT",
                "id":"TO-04816",
                "PropertyKey":{
                   "chainCode":"TO",
                   "propertyCode":"04816"
                },
                "Rating":[
                   {
                      "provider":"NTM",
                      "value":"2"
                   }
                ],
                "GeoLocation":{
                   "latitude":"39.7307",
                   "longitude":"-105.1294"
                }
             },
             "RackRate":{
                "code":"USD",
                "value":124
             },
             "RelativePosition":{
                "distance":3
             }
          },
          {
             "@type":"PropertyInfo",
             "status":"Open",
             "id":"HI-B2405",
             "PropertySummary":{
                "name":"HOLIDAY INN EXP STES GOLDEN",
                "id":"HI-B2405",
                "PropertyKey":{
                   "chainCode":"HI",
                   "propertyCode":"B2405"
                },
                "Rating":[
                   {
                      "provider":"NTM",
                      "value":"2"
                   }
                ],
                "GeoLocation":{
                   "latitude":"39.7232",
                   "longitude":"-105.1934"
                }
             },
             "RackRate":{
                "code":"USD",
                "value":130
             },
             "RelativePosition":{
                "distance":4
             }
          },
          {
             "@type":"PropertyInfo",
             "status":"Open",
             "id":"HX-97362",
             "PropertySummary":{
                "name":"HAMPTON INN GOLDEN CO",
                "id":"HX-97362",
                "PropertyKey":{
                   "chainCode":"HX",
                   "propertyCode":"97362"
                },
                "Rating":[
                   {
                      "provider":"NTM",
                      "value":"2"
                   }
                ],
                "GeoLocation":{
                   "latitude":"39.7223",
                   "longitude":"-105.1914"
                }
             },
             "RackRate":{
                "code":"USD",
                "value":123.84
             },
             "RelativePosition":{
                "distance":4
             }
          },
          {
             "@type":"PropertyInfo",
             "status":"Open",
             "id":"EA-78470",
             "PropertySummary":{
                "name":"EXTENDED STAY AMERICA S LAKEWO",
                "id":"EA-78470",
                "PropertyKey":{
                   "chainCode":"EA",
                   "propertyCode":"78470"
                },
                "Rating":[
                   {
                      "provider":"NTM",
                      "value":"2"
                   }
                ],
                "GeoLocation":{
                   "latitude":"39.6500",
                   "longitude":"-105.0776"
                }
             },
             "RackRate":{
                "code":"USD",
                "value":56.99
             },
             "RelativePosition":{
                "distance":5
             }
          },
          {
             "@type":"PropertyInfo",
             "status":"Open",
             "id":"HI-29784",
             "PropertySummary":{
                "name":"HOLIDAY INN EXP STES WHEATRIDG",
                "id":"HI-29784",
                "PropertyKey":{
                   "chainCode":"HI",
                   "propertyCode":"29784"
                },
                "Rating":[
                   {
                      "provider":"NTM",
                      "value":"2"
                   }
                ],
                "GeoLocation":{
                   "latitude":"39.7829",
                   "longitude":"-105.1120"
                }
             },
             "RackRate":{
                "code":"USD",
                "value":135.99
             },
             "RelativePosition":{
                "distance":7
             }
          },
          {
             "@type":"PropertyInfo",
             "status":"Open",
             "id":"HI-20299",
             "PropertySummary":{
                "name":"HOLIDAY INN EXP STES SW LITTLE",
                "id":"HI-20299",
                "PropertyKey":{
                   "chainCode":"HI",
                   "propertyCode":"20299"
                },
                "Rating":[
                   {
                      "provider":"NTM",
                      "value":"2"
                   }
                ],
                "GeoLocation":{
                   "latitude":"39.5804",
                   "longitude":"-105.1393"
                }
             },
             "RackRate":{
                "code":"USD",
                "value":133
             },
             "RelativePosition":{
                "distance":8
             }
          },
          {
             "@type":"PropertyInfo",
             "status":"Open",
             "id":"HX-48794",
             "PropertySummary":{
                "name":"HAMPTON STE DEN LITTLETON",
                "id":"HX-48794",
                "PropertyKey":{
                   "chainCode":"HX",
                   "propertyCode":"48794"
                },
                "Rating":[
                   {
                      "provider":"NTM",
                      "value":"2"
                   }
                ],
                "GeoLocation":{
                   "latitude":"39.5776",
                   "longitude":"-105.1379"
                }
             },
             "RackRate":{
                "code":"USD",
                "value":114.24
             },
             "RelativePosition":{
                "distance":8
             }
          },
          {
             "@type":"PropertyInfo",
             "status":"Open",
             "id":"TO-27075",
             "PropertySummary":{
                "name":"TOWNEPLACE LITTLETON MARRIOTT",
                "id":"TO-27075",
                "PropertyKey":{
                   "chainCode":"TO",
                   "propertyCode":"27075"
                },
                "Rating":[
                   {
                      "provider":"NTM",
                      "value":"2"
                   }
                ],
                "GeoLocation":{
                   "latitude":"39.5588",
                   "longitude":"-105.1200"
                }
             },
             "RackRate":{
                "code":"USD",
                "value":119
             },
             "RelativePosition":{
                "distance":10
             }
          },
          {
             "@type":"PropertyInfo",
             "status":"Open",
             "id":"TO-30157",
             "PropertySummary":{
                "name":"TOWNEPLACE STES DWTN MARRIOTT",
                "id":"TO-30157",
                "PropertyKey":{
                   "chainCode":"TO",
                   "propertyCode":"30157"
                },
                "Rating":[
                   {
                      "provider":"NTM",
                      "value":"2"
                   }
                ],
                "GeoLocation":{
                   "latitude":"39.7271",
                   "longitude":"-104.9883"
                }
             },
             "RackRate":{
                "code":"USD",
                "value":159
             },
             "RelativePosition":{
                "distance":10
             }
          },
          {
             "@type":"PropertyInfo",
             "status":"Open",
             "id":"HX-75810",
             "PropertySummary":{
                "name":"HAMPTON STE DENVER SPEER BLVD",
                "id":"HX-75810",
                "PropertyKey":{
                   "chainCode":"HX",
                   "propertyCode":"75810"
                },
                "Rating":[
                   {
                      "provider":"NTM",
                      "value":"2"
                   }
                ],
                "GeoLocation":{
                   "latitude":"39.7568",
                   "longitude":"-105.0154"
                }
             },
             "RackRate":{
                "code":"USD",
                "value":133.44
             },
             "RelativePosition":{
                "distance":10
             }
          },
          {
             "@type":"PropertyInfo",
             "status":"Open",
             "id":"FN-C7599",
             "PropertySummary":{
                "name":"FAIRFIELD INN N STES MARRIOTT",
                "id":"FN-C7599",
                "PropertyKey":{
                   "chainCode":"FN",
                   "propertyCode":"C7599"
                },
                "Rating":[
                   {
                      "provider":"NTM",
                      "value":"2"
                   }
                ],
                "GeoLocation":{
                   "latitude":"39.7569",
                   "longitude":"-105.0148"
                }
             },
             "RackRate":{
                "code":"USD",
                "value":129
             },
             "RelativePosition":{
                "distance":10
             }
          },
          {
             "@type":"PropertyInfo",
             "status":"Open",
             "id":"XV-67337",
             "PropertySummary":{
                "name":"SPRINGHILL STES DWTN MARRIOTT",
                "id":"XV-67337",
                "PropertyKey":{
                   "chainCode":"XV",
                   "propertyCode":"67337"
                },
                "Rating":[
                   {
                      "provider":"NTM",
                      "value":"2"
                   }
                ],
                "GeoLocation":{
                   "latitude":"39.7477",
                   "longitude":"-105.0046"
                }
             },
             "RackRate":{
                "code":"USD",
                "value":149
             },
             "RelativePosition":{
                "distance":10
             }
          },
          {
             "@type":"PropertyInfo",
             "status":"Close",
             "id":"MX-56601",
             "PropertySummary":{
                "name":"MOTEL 6 DENVER - LAKEWOOD",
                "id":"MX-56601",
                "PropertyKey":{
                   "chainCode":"MX",
                   "propertyCode":"56601"
                },
                "Rating":[
                   {
                      "provider":"NTM",
                      "value":"1"
                   }
                ],
                "GeoLocation":{
                   "latitude":"39.7230",
                   "longitude":"-105.0814"
                }
             },
             "RackRate":{
                "code":"NA",
                "value":0
             },
             "RelativePosition":{
                "distance":5
             }
          },
          {
             "@type":"PropertyInfo",
             "status":"Close",
             "id":"MX-58013",
             "PropertySummary":{
                "name":"MOTEL 6 DENVER WEST WHEAT RIDGE",
                "id":"MX-58013",
                "PropertyKey":{
                   "chainCode":"MX",
                   "propertyCode":"58013"
                },
                "Rating":[
                   {
                      "provider":"NTM",
                      "value":"1"
                   }
                ],
                "GeoLocation":{
                   "latitude":"39.7856",
                   "longitude":"-105.1076"
                }
             },
             "RackRate":{
                "code":"NA",
                "value":0
             },
             "RelativePosition":{
                "distance":8
             }
          }
       ],
       "NextSteps":{
          "NextStep":[
             {
                "id":"1"
             }
          ]
       }
    }
 }