{
  "CarriersGroups": [
    {
      "Oneworld": {
        "AB":"Air Berlin",
        "AA":"American Airlines",
        "MQ":"American Eagle",
        "BA":"British Airways",
        "CX":"Cathay Pacific",
        "MN":"Comair",
        "KA":"Dragonair",
        "AY":"Finnair",
        "IB":"Iberia",
        "I2":"Iberia Express",
        "XM":"J-Air",
        "JL":"Japan Airlines",
        "NU":"Japan Transocean Air",
        "4M":"LATAM Argentina",
        "JJ":"LATAM Brasil",
        "LA":"LATAM Chile",
        "LU":"LATAM Express",
        "LP":"LATAM Peru",
        "MH":"Malaysia Airlines",
        "MJ":"Mihin Lanka",
        "HG":"Niki",
        "6N":"Nordic Regional Airlines",
        "QF":"Qantas",
        "QR":"Qatar Airways",
        "RJ":"Royal Jordanian",
        "S7":"S7 Airlines",
        "UL":"SriLankan Airlines"
      }
    },
    {
      "SkyTeam": {
        "SU":"Aeroflot",
        "AR":"Aerolíneas Argentinas",
        "AM":"Aeromexico",
        "UX":"Air Europa",
        "AF":"Air France",
        "AZ":"Alitalia",
        "AU":"Austral Líneas Aéreas",
        "CI":"China Airlines",
        "OK":"Czech Airlines",
        "DL":"Delta Air Lines",
        "GA":"Garuda Indonesia",
        "KQ":"Kenya Airways",
        "KL":"KLM",
        "KE":"Korean Air",
        "AE":"Mandarin Airlines",
        "ME":"Middle East Airlines",
        "SV":"Saudia",
        "FM":"Shanghai Airlines",
        "RO":"TAROM",
        "VN":"Vietnam Airlines",
        "MF":"Xiamen Airlines"
      }
    },
    {
      "Star Alliance": {
        "JP":"Adria Airways",
        "A3":"Aegean Airlines",
        "BX":"Air Busan/Coast Air",
        "AC":"Air Canada",
        "CA":"Air China",
        "EN":"Air Dolomiti",
        "AI":"Air India",
        "NQ":"Air Japan",
        "NZ":"Air New Zealand",
        "RS":"Air Seoul",
        "NH":"All Nippon Airways",
        "OZ":"Asiana Airlines",
        "OS":"Austrian Airlines",
        "A0":"Avianca Argentina",
        "O6":"Avianca Brazil",
        "LR":"Avianca Costa Rica",
        "2K":"Avianca Ecuador",
        "TA":"Avianca El Salvador",
        "GU":"Avianca Guatemala",
        "WC":"Avianca Honduras",
        "W8":"Avianca Nicaragua",
        "T0":"Avianca Peru",
        "SN":"Brussels Airlines",
        "QI":"Cimber A/S",
        "CM":"Copa Airlines",
        "OU":"Croatia Airlines",
        "WK":"Edelweiss Air",
        "MS":"EgyptAir",
        "ET":"Ethiopian Airlines",
        "BR":"EVA Air",
        "HO":"Juneyao Airlines",
        "KY":"Kunming Airlines",
        "LO":"LOT Polish/Nordica Airlines",
        "LH":"Lufthansa",
        "CL":"Lufthansa CityLine",
        "JE":"Mango",
        "OA":"Olympic Air",
        "SK":"Scandinavian Airlines",
        "TR":"Scoot",
        "ZH":"Shenzhen Airlines",
        "MI":"Silkair",
        "SQ":"Singapore Airlines",
        "SA":"South African Airways",
        "XQ":"Sunexpress",
        "LX":"Swiss Global Air Lines",
        "SR":"Swiss International Air Lines",
        "TP":"TAP Portugal",
        "TG":"Thai Airways",
        "WE":"Thai Smile",
        "TK":"Turkish Airlines",
        "UA":"United Airlines",
        "JW":"Vanilla Air"
      }
    }
  ],
  "Carriers": {
    "0A": "Amber Air",
    "0B": "Blue Air",
    "0C": "IBL Aviation",
    "0D": "Darwin Airline",
    "0J": "Jetclub",
    "0V": "Vietnam Air Services Company (VASCO)",
    "1A": "Amadeus IT Group",
    "1B": "Abacus International",
    "1C": "Electronic Data Systems",
    "1D": "Radixx Solutions International",
    "1E": "Travelsky Technology",
    "1F": "INFINI Travel Information",
    "1G": "Galileo International",
    "1H": "Siren-Travel",
    "1I": "Sky Trek International Airlines",
    "1K": "Sutra",
    "1L": "Open Skies Consultative Commission",
    "1M": "JSC Transport Automated Information Systems",
    "1N": "Navitaire",
    "1P": "Worldspan",
    "1Q": "Sirena",
    "1R": "Hainan Phoenix Information Systems",
    "1S": "Sabre",
    "1T": "Bulgarian Air Charter",
    "1U": "Polyot Sirena",
    "1Y": "Electronic Data Systems",
    "1Z": "Sabre Pacific",
    "2A": "Deutsche Bahn",
    "2B": "Aerocondor",
    "2C": "SNCF",
    "2D": "Aero VIP",
    "2F": "Frontier Flying Service",
    "2G": "Cargoitalia",
    "2H": "Thalys",
    "2J": "Air Burkina",
    "2K": "Avianca Ecuador/Aerogal",
    "2L": "Helvetic Airways",
    "2M": "Moldavian Airlines",
    "2N": "Yuzhmashavia",
    "2O": "Air Salone",
    "2P": "Air Philippines",
    "2Q": "Air Cargo Carriers",
    "2R": "Via Rail Canada",
    "2S": "Satgur Air Transport",
    "2T": "Haiti Ambassador Airlines",
    "2U": "Air Guinee Express",
    "2W": "Welcome Air",
    "2Z": "Chang An Airlines",
    "3B": "Central Connect Airlines",
    "3C": "RegionsAir",
    "3G": "Atlant-Soyuz Airlines",
    "3J": "Zip",
    "3K": "Jetstar Asia Airways",
    "3L": "Intersky",
    "3N": "Air Urga",
    "3O": "Air Arabia Maroc",
    "3P": "Tiara Air",
    "3Q": "China Yunnan Airlines",
    "3R": "Moskovia Airlines",
    "3S": "Air Guyane Express",
    "3T": "Turan Air",
    "3U": "Sichuan Airlines",
    "3V": "TNT Airways",
    "3W": "Euromanx Airways",
    "3X": "Japan Air Commuter",
    "4A": "Air Kiribati",
    "4B": "Boutique Air",
    "4C": "Aires, Aerovías de Integración Regional, S.A.",
    "4D": "Air Sinai",
    "4F": "Air City",
    "4G": "Gazpromavia",
    "4H": "United Airways",
    "4M": "LATAM Argentina",
    "4N": "Air North Charter - Canada",
    "4O": "Interjet",
    "4R": "Hamburg International",
    "4S": "Finalair Congo",
    "4T": "Belair Airlines",
    "4U": "Germanwings",
    "4Y": "Yute Air Alaska",
    "5A": "Alpine Air Express",
    "5C": "CAL Cargo Air Lines",
    "5D": "DonbassAero",
    "5F": "Fly One",
    "5G": "Skyservice Airlines",
    "5J": "Cebu Pacific",
    "5K": "Hi Fly",
    "5L": "AeroSur",
    "5M": "Sibaviatrans",
    "5N": "Nordavia",
    "5O": "Europe Airpost",
    "5T": "Canadian North",
    "5V": "Lviv Airlines",
    "5W": "Astraeus",
    "5X": "United Parcel Service",
    "5Y": "Atlas Air",
    "5Z": "VivaColombia",
    "6A": "Aviacsa",
    "6B": "TUIfly Nordic",
    "6E": "IndiGo Airlines",
    "6G": "Air Wales",
    "6H": "Israir",
    "6I": "International Business Air",
    "6J": "Skynet Asia Airways",
    "6K": "Asian Spirit",
    "6N": "Nordic Regional",
    "6P": "Club Air",
    "6Q": "Slovak Airlines",
    "6R": "Alrosa Air Company",
    "6U": "Air Ukraine",
    "6V": "Mars RK",
    "6W": "Saratov Airlines Joint Stock Company",
    "6Y": "Smartlynx Airlines",
    "6Z": "Ukrainian Cargo Airways",
    "7A": "Express Air Cargo",
    "7B": "Krasnojarsky Airlines",
    "7C": "Jeju Air",
    "7E": "Sylt Air GmbH",
    "7F": "First Air",
    "7G": "Star Flyer",
    "7K": "Kogalymavia Air Company",
    "7L": "Sun D'Or",
    "7M": "Mayair",
    "7N": "PAWA Dominicana",
    "7O": "Galaxy Air",
    "7R": "BRA-Transportes Aéreos",
    "7S": "Ryan Air Service",
    "7T": "Tobruk Air",
    "7W": "Windrose Air",
    "8A": "Atlas Blue",
    "8B": "Caribbean Star Airlines",
    "8C": "Shanxi Airlines",
    "8D": "Servant Air",
    "8E": "Bering Air",
    "8F": "Fischer Air",
    "8H": "BH Air",
    "8I": "Myway Airlines",
    "8J": "Komiinteravia",
    "8L": "Redhill Aviation",
    "8M": "Myanmar Airways International",
    "8N": "Barents AirLink",
    "8O": "West Coast Air",
    "8P": "Pacific Coastal Airlines",
    "8Q": "Princess Air",
    "8S": "Scorpio Aviation",
    "8T": "Air Tindi",
    "8U": "Afriqiyah Airways",
    "8V": "Wright Air Service",
    "8W": "Private Wings Flugcharter",
    "8Y": "China Postal Airlines",
    "8Z": "Wizz Air Bulgaria",
    "9A": "Eagle Express Air Charter",
    "9C": "Spring Airlines",
    "9E": "Pinnacle Airlines",
    "9I": "Thai Sky Airlines",
    "9K": "Cape Air",
    "9L": "Colgan Air",
    "9M": "Central Mountain Air",
    "9O": "National Airways Cameroon",
    "9Q": "PB Air",
    "9R": "Phuket Air",
    "9T": "Transwest Air",
    "9U": "Air Moldova",
    "9V": "Vipair Airlines",
    "9W": "Jet Airways",
    "9Y": "Fly Georgia",
    "A0": "Avianca Argentina",
    "A2": "Cielos Airlines",
    "A3": "Aegean Airlines",
    "A4": "Southern Winds Airlines",
    "A5": "Hop!",
    "A6": "Hongtu Airlines",
    "A7": "Air Plus Comet",
    "A8": "Benin Golf Air",
    "A9": "Georgian Airways",
    "AA": "American Airlines",
    "AB": "Air Berlin",
    "AC": "Air Canada",
    "AD": "Azul Linhas Aéreas Brasileiras",
    "AE": "Mandarin Airlines",
    "AF": "Air France",
    "AG": "",
    "AH": "Air Algérie",
    "AI": "Air India Limited",
    "AJ": "Aero Contractors",
    "AK": "Air Bridge Carriers",
    "AL": "TransAVIAexport Airlines",
    "AM": "Aeromexico",
    "AN": "Ansett Australia",
    "AO": "Australian Airlines",
    "AP": "Air One",
    "AQ": "MAP-Management and Planung",
    "AR": "Aerolíneas Argentinas",
    "AS": "Alaska Airlines, Inc.",
    "AT": "Royal Air Maroc",
    "AU": "Austral Líneas Aéreas",
    "AV": "Avianca - Aerovías del Continente Americano S.A.",
    "AW": "Dirgantara Air Service",
    "AX": "Trans States Airlines",
    "AY": "Finnair",
    "AZ": "Alitalia",
    "B2": "Belavia Belarusian Airlines",
    "B3": "Bellview Airlines",
    "B4": "Bankair",
    "B5": "Flightline",
    "B6": "JetBlue Airways",
    "B8": "Eritrean Airlines",
    "B9": "Air Bangladesh",
    "BA": "British Airways",
    "BB": "Seaborne Airlines",
    "BC": "Skymark Airlines",
    "BD": "BMI",
    "BE": "Flybe",
    "BF": "Bluebird Cargo",
    "BG": "Biman Bangladesh Airlines",
    "BH": "Hawkair",
    "BI": "Royal Brunei Airlines",
    "BJ": "Nouvel Air Tunisie",
    "BK": "Potomac Air",
    "BL": "Pacific Airlines",
    "BM": "BMI Regional",
    "BN": "Horizon Airlines",
    "BO": "Bouraq Indonesia Airlines",
    "BP": "Air Botswana",
    "BQ": "Baltia Air Lines",
    "BR": "EVA Air",
    "BS": "British International Helicopters",
    "BT": "Air Baltic",
    "BU": "Buryat Airlines Aircompany",
    "BV": "Blue Panorama Airlines",
    "BW": "Caribbean Airlines",
    "BX": "Coast Air",
    "BY": "Thomson Airways",
    "BZ": "Keystone Air Service",
    "C3": "Independent Carrier (ICAR)",
    "C4": "Zimex Aviation",
    "C5": "CommutAir",
    "C6": "CanJet",
    "C7": "Rico Linhas Aéreas",
    "C8": "Chicago Express Airlines",
    "C9": "Cirrus Airlines",
    "CA": "Air China",
    "CC": "Macair Airlines",
    "CD": "Corendon Dutch Airlines",
    "CE": "Nationwide Airlines",
    "CF": "City Airline",
    "CG": "Airlines PNG",
    "CH": "Bemidji Airlines",
    "CI": "China Airlines",
    "CJ": "CityFlyer Express",
    "CK": "China Cargo Airlines",
    "CL": "Lufthansa CityLine",
    "CM": "Copa Airlines",
    "CN": "Westward Airways",
    "CO": "Continental Express",
    "CP": "Compass Airlines",
    "CQ": "Sunshine Express Airlines",
    "CS": "Continental Micronesia",
    "CT": "Civil Air Transport",
    "CU": "Cubana de Aviación",
    "CV": "Cargolux",
    "CW": "Air Marshall Islands",
    "CX": "Cathay Pacific",
    "CY": "Cyprus Airways",
    "CZ": "China Southern Airlines",
    "D2": "Severstal Air Company",
    "D3": "Daallo Airlines",
    "D4": "Alidaunia",
    "D5": "Dauair",
    "D6": "Interair South Africa",
    "D7": "FlyAsianXpress",
    "D8": "Norwegian Air International",
    "D9": "Donavia",
    "DA": "Air Georgia",
    "DB": "Brit Air",
    "DC": "Golden Air",
    "DD": "Nok Air",
    "DE": "Condor Flugdienst",
    "DG": "Tigerair Philippines",
    "DH": "Independence Air",
    "DI": "Dba",
    "DJ": "Polynesian Blue",
    "DK": "Eastland Air",
    "DL": "Delta Air Lines",
    "DM": "Maersk",
    "DO": "Dominicana de Aviación",
    "DP": "First Choice Airways",
    "DQ": "Coastal Air",
    "DS": "easyJet Switzerland",
    "DT": "TAAG Angola Airlines",
    "DU": "Norwegian Long Haul",
    "DV": "Nantucket Airlines",
    "DW": "Aero-Charter Ukraine",
    "DX": "DAT Danish Air Transport",
    "DY": "Norwegian Air Shuttle",
    "E0": "Eos Airlines",
    "E1": "Everbread",
    "E2": "Rio Grande Air",
    "E3": "Domodedovo Airlines",
    "E4": "Aero Asia International",
    "E5": "Samara Airlines",
    "E6": "Bringer Air Cargo Taxi Aéreo",
    "E7": "European Aviation Air Charter",
    "E8": "Alpi Eagles",
    "E9": "Boston-Maine Airways",
    "EA": "European Air Express",
    "EC": "Avialeasing Aviation Company",
    "EE": "Aero Airlines",
    "EF": "Far Eastern Air Transport",
    "EG": "Japan Asia Airways",
    "EH": "SAETA",
    "EI": "Aer Lingus",
    "EJ": "New England Airlines",
    "EK": "Emirates Airlines",
    "EL": "Ellinair",
    "EM": "Empire Airlines",
    "EN": "Air Dolomiti",
    "EO": "Hewa Bora Airways",
    "EP": "Iran Aseman Airlines",
    "EQ": "TAME",
    "ER": "Astar Air Cargo",
    "ES": "DHL International",
    "ET": "Ethiopian Airlines",
    "EU": "Empresa Ecuatoriana De Aviación",
    "EV": "ExpressJet",
    "EW": "Eurowings",
    "EX": "Air Santo Domingo",
    "EY": "Etihad Airways",
    "EZ": "Sun Air of Scandinavia",
    "F2": "Fly Air",
    "F3": "Faso Airways",
    "F4": "Albarka Air",
    "F5": "Cosmic Air",
    "F6": "FaroeJet",
    "F7": "Flybaboo",
    "F9": "Frontier Airlines",
    "FA": "Safair",
    "FB": "Bulgaria Air",
    "FC": "Finncomm Airlines",
    "FD": "Thai AirAsia",
    "FE": "Primaris Airlines",
    "FF": "Airshop",
    "FG": "Ariana Afghan Airlines",
    "FH": "Futura International Airways",
    "FI": "Icelandair",
    "FJ": "Fiji Airways",
    "FK": "Keewatin Air",
    "FL": "AirTran Airways",
    "FM": "Shanghai Airlines",
    "FN": "Regional Air Lines",
    "FO": "Airlines of Tasmania",
    "FP": "Servicios Aéreos de los Andes",
    "FR": "Ryanair",
    "FS": "Servicios de Transportes Aéreos Fueguinos",
    "FT": "Siem Reap Airways",
    "FV": "Rossiya",
    "FW": "Ibex Airlines",
    "FX": "Federal Express",
    "FY": "Northwest Regional Airlines",
    "FZ": "Flydubai",
    "G0": "Ghana International Airlines",
    "G1": "Gorkha Airlines",
    "G2": "Avirex",
    "G3": "Gol Transportes Aéreos",
    "G4": "Allegiant Air",
    "G5": "China Express Airlines",
    "G6": "Air Volga",
    "G7": "GoJet Airlines",
    "G8": "Gujarat Airways",
    "G9": "Air Arabia",
    "GA": "Garuda Indonesia",
    "GB": "ABX Air",
    "GC": "Gambia International Airlines",
    "GD": "Air Alpha Greenland",
    "GE": "TransAsia Airways",
    "GF": "Gulf Air Bahrain",
    "GG": "Cargo 360",
    "GH": "Ghana Airways",
    "GI": "Itek Air",
    "GJ": "Eurofly",
    "GK": "JetStar Japan",
    "GL": "Miami Air International",
    "GM": "Air Slovakia",
    "GN": "Air Gabon",
    "GO": "Kuzu Airlines Cargo",
    "GP": "Palau Trans Pacific Airlines",
    "GQ": "Big Sky Airlines",
    "GR": "Gemini Air Cargo",
    "GS": "Tianjin Airlines",
    "GT": "GB Airways",
    "GU": "Avianca Guatemala",
    "GV": "Aero Flight",
    "GW": "SkyGreece Airlines",
    "GX": "Pacificair",
    "GY": "Tri-MG Intra Asia Airlines",
    "GZ": "Air Rarotonga",
    "H2": "Sky Airline",
    "H4": "Inter Island Airways",
    "H5": "Mavial Magadan Airlines",
    "H6": "Hageland Aviation Services",
    "H7": "Eagle Air",
    "H8": "Dalavia",
    "H9": "Izair",
    "HA": "Hawaiian Airlines",
    "HB": "Harbor Airlines",
    "HC": "Iceland Express",
    "HD": "AIRDO",
    "HE": "Luftfahrtgesellschaft Walter",
    "HF": "Hapagfly",
    "HG": "Niki",
    "HH": "Hope Air",
    "HJ": "Hellas Jet",
    "HK": "Four Star Aviation / Four Star Cargo",
    "HM": "Air Seychelles",
    "HN": "Heavylift Cargo Airlines",
    "HO": "Juneyao Airlines",
    "HP": "Phoenix Airways",
    "HQ": "Thomas Cook Airlines",
    "HR": "Hahn Air",
    "HT": "Aeromist-Kharkiv",
    "HU": "Hainan Airlines",
    "HV": "Transavia Holland",
    "HW": "North-Wright Airways",
    "HX": "Hong Kong Airlines",
    "HY": "Uzbekistan Airways",
    "HZ": "Sat Airlines",
    "I2": "Iberia Express",
    "I4": "Interstate Airlines",
    "I5": "AirAsia India",
    "I6": "Sky Eyes",
    "I7": "Paramount Airways",
    "I9": "Indigo Airlines",
    "IA": "Iraqi Airways",
    "IB": "Iberia Airlines",
    "IC": "Indian Airlines",
    "ID": "Interlink Airlines",
    "IE": "Solomon Airlines",
    "IF": "Islas Airways",
    "IG": "Meridiana",
    "IH": "Irtysh Air",
    "II": "IBC Airways",
    "IJ": "Spring Airlines Japan",
    "IK": "Lankair",
    "IM": "Menajet",
    "IN": "NAM Air",
    "IO": "Indonesian Airlines",
    "IP": "Atyrau Air Ways",
    "IQ": "Augsburg Airways",
    "IR": "Iran Air",
    "IT": "Tigerair Taiwan",
    "IV": "Wind Jet",
    "IW": "Wings Air",
    "IX": "Air India Express",
    "IY": "Yemenia",
    "IZ": "Arkia Israel Airlines",
    "J2": "Azerbaijan Airlines",
    "J3": "Northwestern Air",
    "J4": "Jordan International Air Cargo",
    "J6": "AVCOM",
    "J7": "ValuJet Airlines",
    "J8": "Berjaya Air",
    "J9": "Jazeera Airways",
    "JA": "JetSMART",
    "JB": "Helijet",
    "JC": "JAL Express",
    "JD": "Beijing Capital Airlines",
    "JE": "Mango",
    "JF": "L.A.B. Flying Service",
    "JH": "Nordeste Linhas Aéreas Regionais",
    "JI": "Midway Airlines (1993–2003)",
    "JJ": "LATAM Brasil",
    "JK": "Spanair",
    "JL": "Japan Airlines Domestic",
    "JM": "Jetstar Hong Kong Airways",
    "JN": "Excel Airways",
    "JO": "Jettime",
    "JP": "Adria Airways",
    "JQ": "Jetstar Airways",
    "JR": "Aero California",
    "JS": "Air Koryo",
    "JT": "Lion Mentari Airlines",
    "JU": "Air Serbia",
    "JV": "Bearskin Lake Air Service",
    "JW": "Vanilla Air",
    "JX": "Jett8 Airlines Cargo",
    "JY": "Air Turks and Caicos",
    "JZ": "Skyways Express",
    "K2": "Eurolot",
    "K3": "Taquan Air Services",
    "K4": "Kalitta Air",
    "K5": "SeaPort Airlines",
    "K6": "Khalifa Airways",
    "K8": "Airlink Zambia",
    "K9": "Krylo Airlines",
    "KA": "Dragonair, Hong Kong Dragon Airlines",
    "KB": "Druk Air",
    "KC": "Air Astana",
    "KD": "KD Avia",
    "KE": "Korean Air",
    "KF": "Blue1",
    "KG": "LAI - Línea Aérea IAACA",
    "KH": "Aloha Air Cargo",
    "KI": "Adam Air",
    "KJ": "British Mediterranean Airways",
    "KK": "Atlasjet",
    "KL": "KLM",
    "KM": "Air Malta",
    "KN": "China United Airlines",
    "KO": "Alaska Central Express",
    "KP": "Kiwi International Air Lines",
    "KQ": "Kenya Airways",
    "KR": "Comores Airlines",
    "KS": "Peninsula Airways",
    "KU": "Kuwait Airways",
    "KV": "Kavminvodyavia",
    "KW": "Wataniya Airways",
    "KX": "Cayman Airways",
    "KY": "Kunming Airlines/Air São Tomé and Príncipe",
    "KZ": "Nippon Cargo Airlines",
    "L1": "Lufthansa Systems",
    "L2": "Lynden Air Cargo",
    "L3": "LTU Austria",
    "L4": "Lynx Aviation",
    "L5": "Lufttransport",
    "L6": "Tbilaviamsheni",
    "L7": "Línea Aérea SAPSA",
    "L8": "Air Luxor GB",
    "L9": "Teamline Air",
    "LA": "LATAM Chile",
    "LB": "Lloyd Aéreo Boliviano",
    "LC": "Varig Logística",
    "LD": "Air Hong Kong",
    "LF": "FlyNordic",
    "LG": "Luxair",
    "LH": "Lufthansa Cargo",
    "LI": "Leeward Islands Air Transport",
    "LJ": "Sierra National Airlines",
    "LK": "Air Luxor",
    "LL": "Allegro",
    "LM": "Livingston",
    "LN": "Libyan Arab Airlines",
    "LO": "LOT Polish Airlines",
    "LP": "LATAM Peru",
    "LQ": "Lebanese Air Transport",
    "LR": "Avianca Costa Rica/LACSA",
    "LS": "Jet2.com",
    "LT": "LongJiang Airlines",
    "LU": "LATAM Express",
    "LV": "Albanian Airlines",
    "LW": "Sun Air International",
    "LX": "Swiss International Air Lines",
    "LY": "El Al Israel Airlines",
    "LZ": "Balkan Bulgarian Airlines",
    "M2": "MHS Aviation GmbH",
    "M3": "North Flying",
    "M4": "Mistral Air",
    "M5": "Kenmore Air",
    "M6": "Amerijet International",
    "M7": "Tropical Airways",
    "M8": "Mekong Airlines",
    "M9": "Motor Sich",
    "MA": "Malév Hungarian Airlines",
    "MB": "MNG Airlines",
    "MC": "Air Mobility Command",
    "MD": "Air Madagascar",
    "ME": "Middle East Airlines",
    "MF": "Xiamen Airlines",
    "MG": "Champion Air",
    "MH": "Malaysia Airlines",
    "MI": "SilkAir",
    "MJ": "Mihin Lanka",
    "MK": "Air Mauritius",
    "ML": "Midway Airlines (1976–1991)",
    "MM": "SAM Colombia",
    "MN": "Comair",
    "MO": "Calm Air",
    "MP": "Martinair",
    "MQ": "American Eagle Airlines",
    "MR": "Air Mauritanie",
    "MS": "Egyptair",
    "MT": "Thomas Cook Airlines",
    "MU": "China Eastern Airlines",
    "MV": "Armenian International Airways",
    "MW": "Mokulele Airlines",
    "MX": "Mexicana de Aviación",
    "MY": "Midwest Airlines (Egypt)",
    "MZ": "Merpati Nusantara Airlines",
    "N2": "Kabo Air",
    "N4": "Nordwind Airlines",
    "N5": "Skagway Air Service",
    "N6": "Nuevo Continente",
    "N7": "National Airlines",
    "N8": "National Air Cargo dba National Airlines",
    "N9": "North Coast Aviation",
    "NA": "North American Airlines",
    "NB": "Sterling Airlines",
    "NC": "Northern Air Cargo",
    "NE": "SkyEurope",
    "NF": "Air Vanuatu",
    "NG": "Lauda Air",
    "NH": "All Nippon Airways",
    "NI": "Portugalia",
    "NK": "Spirit Airlines",
    "NL": "Shaheen Air International",
    "NM": "Mount Cook Airlines",
    "NN": "VIM Airlines",
    "NO": "Neos",
    "NQ": "Air Japan",
    "NR": "Pamir Airways",
    "NT": "Binter Canarias",
    "NU": "Japan Transocean Air",
    "NV": "Air Central",
    "NW": "Northwest Airlines",
    "NX": "Air Macau",
    "NY": "Air Iceland",
    "NZ": "Air New Zealand/Eagle Airways",
    "O2": "Linear Air",
    "O3": "SF Airlines",
    "O4": "Antrak Air",
    "O6": "Avianca Brazil",
    "O7": "Ozjet Airlines",
    "O8": "Oasis Hong Kong Airlines",
    "O9": "Nova Airline",
    "OA": "Olympic Airlines",
    "OB": "Oasis International Airlines",
    "OD": "Malindo Airways",
    "OE": "Asia Overnight Express",
    "OF": "Transports et Travaux Aériens de Madagascar",
    "OH": "PSA Airlines",
    "OJ": "Overland Airways",
    "OK": "Czech Airlines",
    "OL": "OLT Express Germany",
    "OM": "MIAT Mongolian Airlines",
    "ON": "Our Airline",
    "OO": "SkyWest Airlines",
    "OP": "Chalk's International Airlines",
    "OR": "TUI Airlines Netherlands",
    "OS": "Austrian Airlines",
    "OT": "Aeropelican Air Services",
    "OU": "Croatia Airlines",
    "OV": "SalamAir",
    "OW": "Executive Airlines",
    "OX": "Orient Thai Airlines",
    "OY": "Omni Air International",
    "OZ": "Asiana/Ozark Air Lines",
    "P0": "Proflight Zambia",
    "P3": "Passaredo Transportes Aéreos",
    "P5": "AeroRepública",
    "P6": "Privilege Style Líneas Aéreas",
    "P7": "Russian Sky Airlines",
    "P8": "Pantanal Linhas Aéreas",
    "P9": "Peruvian Airlines",
    "PA": "Pan American World Airways",
    "PC": "Pegasus Airlines",
    "PD": "Porter Airlines",
    "PE": "People's Viennaline",
    "PF": "Palestinian Airlines",
    "PG": "Bangkok Airways",
    "PH": "Polynesian Airlines",
    "PI": "Sun Air (Fiji)",
    "PJ": "Air Saint Pierre",
    "PK": "Pakistan International Airlines",
    "PL": "Airstars",
    "PM": "Tropic Air",
    "PN": "Pan American Airways",
    "PO": "Polar Air Cargo",
    "PP": "Jet Aviation",
    "PR": "Philippine Airlines",
    "PS": "Ukraine International Airlines",
    "PT": "West Air Sweden",
    "PU": "PLUNA",
    "PV": "St Barth Commuter",
    "PW": "Precision Air",
    "PX": "Air Niugini",
    "PY": "Surinam Airways",
    "PZ": "TAM Mercosur",
    "Q2": "Maldivian (airline)",
    "Q3": "Zambian Airways",
    "Q4": "Starlink Aviation",
    "Q5": "40-Mile Air",
    "Q6": "Aero Condor Peru",
    "Q8": "Pacific East Asia Cargo Airlines",
    "Q9": "Afrinat International Airlines",
    "QB": "Georgian National Airlines",
    "QC": "Air Corridor",
    "QD": "Air Class Líneas Aéreas",
    "QE": "Crossair Europe",
    "QF": "Qantas Airlines",
    "QH": "Kyrgyzstan",
    "QI": "Cimber Sterling",
    "QJ": "Jet Airways",
    "QK": "Air Canada Jazz",
    "QL": "Línea Aérea de Servicio Ejecutivo Regional",
    "QM": "Air Malawi",
    "QN": "Air Armenia",
    "QO": "Origin Pacific Airways",
    "QQ": "Reno Air",
    "QR": "Qatar Airways",
    "QS": "Travel Service",
    "QT": "TAMPA",
    "QU": "Uganda Airlines",
    "QV": "Lao Airlines",
    "QW": "Blue Wings",
    "QX": "Horizon Air",
    "QY": "European Air Transport",
    "QZ": "Indonesia AirAsia",
    "R0": "Royal Airlines",
    "R1": "Sirin",
    "R2": "Orenburg Airlines",
    "R3": "Yakutia Airlines",
    "R5": "Malta Air Charter",
    "R6": "RACSA",
    "R7": "Aserca Airlines",
    "R8": "Kyrgyzstan Airlines",
    "R9": "Camai Air",
    "RA": "Nepal Airlines",
    "RB": "Syrian Arab Airlines",
    "RC": "Atlantic Airways",
    "RD": "Ryan International Airlines",
    "RE": "Stobart Air",
    "RF": "Florida West International Airways",
    "RG": "VRG Linhas Aéreas",
    "RH": "Republic Express Airlines",
    "RI": "Mandala Airlines",
    "RJ": "Royal Jordanian",
    "RK": "Royal Khmer Airlines",
    "RL": "Royal Phnom Penh Airways",
    "RO": "Tarom",
    "RQ": "Kam Air",
    "RR": "Royal Air Force",
    "RS": "Air Seoul/Sky Regional Airlines",
    "RU": "SkyKing Turks and Caicos Airways",
    "RV": "Caspian Airlines",
    "RW": "Republic Airlines",
    "RX": "Aviaexpress",
    "RZ": "Euro Exec Express",
    "S0": "Slok Air Gambia",
    "S2": "Air Sahara",
    "S3": "Santa Barbara Airlines",
    "S4": "SATA International",
    "S5": "Trast Aero",
    "S6": "Star Air",
    "S7": "S7 Airlines",
    "S8": "Skywise Airline",
    "S9": "East African Safari Air",
    "SA": "South African Airways",
    "SB": "Air Caledonie International",
    "SC": "Shandong Airlines",
    "SD": "Sudan Airways",
    "SE": "XL Airways France",
    "SF": "Tassili Airlines",
    "SG": "Spicejet",
    "SH": "Fly Me Sweden",
    "SI": "Skynet Airlines",
    "SJ": "Freedom Air",
    "SK": "Scandinavian Airlines/SAS Braathens",
    "SL": "Thai Lion Mentari",
    "SM": "Swedline Express",
    "SN": "Brussels Airlines",
    "SO": "Sunshine Airlines",
    "SP": "SATA Air Acores",
    "SQ": "Singapore Airlines Cargo",
    "SR": "Swissair",
    "SS": "Corsairfly",
    "ST": "Germania",
    "SU": "Aeroflot Russian Airlines",
    "SV": "Saudia",
    "SW": "Air Namibia",
    "SX": "Skybus Airlines",
    "SY": "Sun Country Airlines",
    "SZ": "Air Southwest",
    "T0": "Avianca Peru",
    "T2": "Thai Air Cargo",
    "T3": "Eastern Airways",
    "T4": "TRIP Linhas Aéreas",
    "T5": "Turkmenhovayollary",
    "T6": "Tavrey Airlines",
    "T7": "Twin Jet",
    "T9": "Thai Star Airlines",
    "TA": "Avianca El Salvador",
    "TC": "Air Tanzania",
    "TD": "Tulip Air",
    "TE": "Skytaxi",
    "TF": "Malmö Aviation",
    "TG": "Thai Airways International",
    "TH": "Transmile Air Services",
    "TI": "Tol-Air Services",
    "TJ": "Tradewind Aviation",
    "TK": "Turkish Airlines",
    "TL": "Trans Mediterranean Airlines",
    "TM": "Linhas Aéreas de Moçambique",
    "TN": "Air Tahiti Nui",
    "TO": "Transavia France",
    "TP": "TAP Portugal",
    "TQ": "Tandem Aero",
    "TR": "Scoot/Tigerair Singapore",
    "TS": "Air Transat",
    "TT": "Tigerair Australia",
    "TU": "Tunisair",
    "TV": "Virgin Express",
    "TW": "T'way Air",
    "TX": "Transportes Aéreos Nacionales",
    "TY": "Iberworld",
    "TZ": "ATA Airlines",
    "U2": "United Feeder Service",
    "U3": "Avies",
    "U4": "PMTair",
    "U5": "USA3000 Airlines",
    "U6": "Ural Airlines",
    "U7": "USA Jet Airlines",
    "U8": "Armavia",
    "UA": "United Airlines",
    "UB": "Myanma Airways",
    "UD": "Hex'Air",
    "UE": "Transeuropean Airlines",
    "UF": "UM Airlines",
    "UG": "Tuninter",
    "UH": "US Helicopter",
    "UI": "Eurocypria Airlines",
    "UL": "SriLankan Airlines",
    "UM": "Air Zimbabwe",
    "UN": "Transaero Airlines",
    "UO": "Hong Kong Express Airways",
    "UP": "Bahamasair",
    "UQ": "O'Connor Airlines",
    "US": "US Airways",
    "UT": "UTair Aviation",
    "UU": "Air Austral",
    "UX": "Air Europa",
    "UY": "Cameroon Airlines",
    "UZ": "El-Buraq Air Transport",
    "V0": "Conviasa",
    "V2": "Vision Airlines",
    "V3": "Carpatair",
    "V4": "Vieques Air Link",
    "V5": "Royal Aruban Airlines",
    "V7": "Volotea",
    "V8": "Iliamna Air Taxi",
    "V9": "Star1 Airlines",
    "VA": "Viasa",
    "VB": "VIVA Aerobus",
    "VC": "Voyageur Airways",
    "VD": "SwedJet Airways",
    "VE": "C.A.I. Second",
    "VF": "Valuair",
    "VG": "VLM Airlines",
    "VH": "Aeropostal Alas de Venezuela",
    "VI": "Volga-Dnepr Airlines",
    "VJ": "Vietjet Air",
    "VK": "Virgin Nigeria Airways",
    "VL": "Air VIA",
    "VM": "Viaggio Air",
    "VN": "Vietnam Airlines",
    "VO": "Tyrolean Airways",
    "VP": "VASP",
    "VQ": "Novo Air",
    "VR": "TACV",
    "VS": "Virgin Atlantic Airways",
    "VT": "Air Tahiti",
    "VU": "Air Ivoire",
    "VV": "Aerosvit Airlines",
    "VW": "Aeromar",
    "VX": "Virgin America",
    "VY": "Vueling Airlines",
    "VZ": "Thai Vietjet Air",
    "W2": "Canadian Western Airlines",
    "W3": "Switfair Cargo",
    "W4": "Aero Services Executive",
    "W5": "Mahan Air",
    "W6": "Wizz Air",
    "W7": "Western Pacific Airlines",
    "W8": "Avianca Nicaragua/Cargojet Airways",
    "W9": "Eastwind Airlines",
    "WA": "Western Airlines",
    "WB": "Rwandair Express",
    "WC": "Avianca Honduras/Islena De Inversiones",
    "WD": "WDL Aviation",
    "WE": "Thai Smile Airways",
    "WF": "Widerøe",
    "WG": "Sunwing Airlines",
    "WH": "WebJet Linhas Aéreas",
    "WK": "Edelweiss Air",
    "WN": "Southwest Airlines",
    "WO": "World Airways",
    "WR": "WestJet Encore",
    "WS": "WestJet",
    "WT": "Wasaya Airways",
    "WV": "Swe Fly",
    "WW": "WOW air",
    "WX": "CityJet",
    "WY": "Oman Air",
    "WZ": "West African Airlines",
    "X3": "Hapag-Lloyd Express (TUIfly)",
    "X7": "Chitaavia",
    "X9": "Avion Express",
    "XC": "Corendon Airlines",
    "XF": "Vladivostok Air",
    "XG": "Clickair",
    "XJ": "Thai AirAsia X",
    "XK": "Corse Méditerranée",
    "XL": "Aerolane",
    "XM": "J-Air",
    "XN": "XpressAir",
    "XO": "LTE International Airways",
    "XP": "Xtra Airways",
    "XQ": "SunExpress",
    "XS": "SITA",
    "XT": "SkyStar Airways",
    "Y0": "Yellow Air Taxi/Friendship Airways",
    "Y2": "Flyglobespan",
    "Y4": "Volaris",
    "Y5": "Pace Airlines",
    "Y6": "Batavia Air",
    "Y8": "Yangtze River Express",
    "Y9": "Kish Air",
    "YB": "Borajet",
    "YD": "Cologne Air Transport GmbH",
    "YE": "Aryan Cargo Express",
    "YH": "West Caribbean Airways",
    "YK": "Cyprus Turkish Airlines",
    "YL": "Yamal Airlines",
    "YM": "Montenegro Airlines",
    "YQ": "TAR Aerolineas",
    "YS": "Régional Compagnie Aérienne Européenne",
    "YT": "Air Togo",
    "YU": "Dominair",
    "YV": "Mesa Airlines",
    "YW": "Air Nostrum",
    "YX": "Midwest Airlines",
    "Z2": "EZD",
    "Z3": "Avient Aviation",
    "Z4": "Zoom Airlines",
    "Z5": "GMG Airlines",
    "Z6": "Dniproavia",
    "Z8": "Línea Aérea Amaszonas",
    "ZA": "Interavia Airlines",
    "ZB": "Monarch Airlines",
    "ZE": "Líneas Aéreas Azteca",
    "ZG": "Viva Macau",
    "ZH": "Shenzhen Airlines",
    "ZI": "Aigle Azur",
    "ZK": "Great Lakes Airlines",
    "ZL": "Regional Express",
    "ZP": "Silk Way Airlines",
    "ZS": "Sama Airlines",
    "ZT": "Titan Airways",
    "ZU": "Helios Airways",
    "ZV": "Air Midwest",
    "ZW": "Air Wisconsin",
    "ZX": "Air Georgian",
    "ZY": "Sky Airlines"

  }
}