{
  "Properties": {
    "PropertyInfo": [
      {
        "@type": "PropertyInfo",
        "status": "Close",
        "id": "YX-87456",
        "PropertySummary": {
          "name": "HOTEL THERESE",
          "id": "YX-87456",
          "PropertyKey": {
            "chainCode": "YX",
            "propertyCode": "87456"
          },
          "Rating": [
            {
              "provider": "NTM",
              "value": "4"
            }
          ],
          "GeoLocation": {
            "latitude": "48.8662",
            "longitude": "2.3355"
          }
        },
        "RackRate": {
          "code": "NA",
          "value": 0
        },
        "RelativePosition": {
          "distance": 0.4
        }
      },
      {
        "@type": "PropertyInfo",
        "status": "Open",
        "id": "HI-17424",
        "PropertySummary": {
          "name": "HOLIDAY INN OPERA GRANDS BLVDS",
          "id": "HI-17424",
          "PropertyKey": {
            "chainCode": "HI",
            "propertyCode": "17424"
          },
          "Rating": [
            {
              "provider": "NTM",
              "value": "3"
            }
          ],
          "GeoLocation": {
            "latitude": "48.8714",
            "longitude": "2.3434"
          }
        },
        "RackRate": {
          "code": "EUR",
          "value": 128
        },
        "RelativePosition": {
          "distance": 0.3
        }
      },
      {
        "@type": "PropertyInfo",
        "status": "Open",
        "id": "BW-71497",
        "PropertySummary": {
          "name": "BEST WESTERN HTL RONCERAY OPER",
          "id": "BW-71497",
          "PropertyKey": {
            "chainCode": "BW",
            "propertyCode": "71497"
          },
          "Rating": [
            {
              "provider": "NTM",
              "value": "3"
            }
          ],
          "GeoLocation": {
            "latitude": "48.8721",
            "longitude": "2.3425"
          }
        },
        "RackRate": {
          "code": "EUR",
          "value": 149
        },
        "RelativePosition": {
          "distance": 0.3
        }
      },
      {
        "@type": "PropertyInfo",
        "status": "Open",
        "id": "BW-13855",
        "PropertySummary": {
          "name": "BW GAILLON OPERA",
          "id": "BW-13855",
          "PropertyKey": {
            "chainCode": "BW",
            "propertyCode": "13855"
          },
          "Rating": [
            {
              "provider": "NTM",
              "value": "3"
            }
          ],
          "GeoLocation": {
            "latitude": "48.8681",
            "longitude": "2.3339"
          }
        },
        "RackRate": {
          "code": "EUR",
          "value": 210
        },
        "RelativePosition": {
          "distance": 0.4
        }
      },
      {
        "@type": "PropertyInfo",
        "status": "Close",
        "id": "AC-61684",
        "PropertySummary": {
          "name": "ODYSSEY BY ELEGANCIA LOUVRE",
          "id": "AC-61684",
          "PropertyKey": {
            "chainCode": "AC",
            "propertyCode": "61684"
          },
          "Rating": [
            {
              "provider": "NTM",
              "value": "3"
            }
          ],
          "GeoLocation": {
            "latitude": "48.8651",
            "longitude": "2.3420"
          }
        },
        "RackRate": {
          "code": "NA",
          "value": 0
        },
        "RelativePosition": {
          "distance": 0.2
        }
      },
      {
        "@type": "PropertyInfo",
        "status": "Close",
        "id": "YX-72760",
        "PropertySummary": {
          "name": "HOTEL ASCOT OPERA",
          "id": "YX-72760",
          "PropertyKey": {
            "chainCode": "YX",
            "propertyCode": "72760"
          },
          "Rating": [
            {
              "provider": "NTM",
              "value": "3"
            }
          ],
          "GeoLocation": {
            "latitude": "48.8682",
            "longitude": "2.3351"
          }
        },
        "RackRate": {
          "code": "NA",
          "value": 0
        },
        "RelativePosition": {
          "distance": 0.4
        }
      },
      {
        "@type": "PropertyInfo",
        "status": "Close",
        "id": "BW-B1105",
        "PropertySummary": {
          "name": "BEST WESTERN HTL OPERA DROUOT",
          "id": "BW-B1105",
          "PropertyKey": {
            "chainCode": "BW",
            "propertyCode": "B1105"
          },
          "Rating": [
            {
              "provider": "NTM",
              "value": "3"
            }
          ],
          "GeoLocation": {
            "latitude": "48.8731",
            "longitude": "2.3424"
          }
        },
        "RackRate": {
          "code": "NA",
          "value": 0
        },
        "RelativePosition": {
          "distance": 0.4
        }
      },
      {
        "@type": "PropertyInfo",
        "status": "Open",
        "id": "AC-67809",
        "PropertySummary": {
          "name": "HOTEL ASTON***",
          "id": "AC-67809",
          "PropertyKey": {
            "chainCode": "AC",
            "propertyCode": "67809"
          },
          "Rating": [
            {
              "provider": "NTM",
              "value": "2"
            }
          ],
          "GeoLocation": {
            "latitude": "48.8718",
            "longitude": "2.3446"
          }
        },
        "RackRate": {
          "code": "EUR",
          "value": 175
        },
        "RelativePosition": {
          "distance": 0.3
        }
      },
      {
        "@type": "PropertyInfo",
        "status": "Open",
        "id": "BW-69912",
        "PropertySummary": {
          "name": "BW PARIS LOUVRE OPERA",
          "id": "BW-69912",
          "PropertyKey": {
            "chainCode": "BW",
            "propertyCode": "69912"
          },
          "Rating": [
            {
              "provider": "NTM",
              "value": "2"
            }
          ],
          "GeoLocation": {
            "latitude": "48.8664",
            "longitude": "2.3348"
          }
        },
        "RackRate": {
          "code": "EUR",
          "value": 249
        },
        "RelativePosition": {
          "distance": 0.4
        }
      },
      {
        "@type": "PropertyInfo",
        "status": "Close",
        "id": "YX-85725",
        "PropertySummary": {
          "name": "PAVILLON LOUVRE RIVOLI",
          "id": "YX-85725",
          "PropertyKey": {
            "chainCode": "YX",
            "propertyCode": "85725"
          },
          "Rating": [
            {
              "provider": "NTM",
              "value": "2"
            }
          ],
          "GeoLocation": {
            "latitude": "48.8649",
            "longitude": "2.3359"
          }
        },
        "RackRate": {
          "code": "NA",
          "value": 0
        },
        "RelativePosition": {
          "distance": 0.3
        }
      },
      {
        "@type": "PropertyInfo",
        "status": "Close",
        "id": "AC-16634",
        "PropertySummary": {
          "name": "KORNER OPERA***",
          "id": "AC-16634",
          "PropertyKey": {
            "chainCode": "AC",
            "propertyCode": "16634"
          },
          "Rating": [
            {
              "provider": "NTM",
              "value": "2"
            }
          ],
          "GeoLocation": {
            "latitude": "48.8713",
            "longitude": "2.3441"
          }
        },
        "RackRate": {
          "code": "NA",
          "value": 0
        },
        "RelativePosition": {
          "distance": 0.3
        }
      },
      {
        "@type": "PropertyInfo",
        "status": "Close",
        "id": "AC-42982",
        "PropertySummary": {
          "name": "CRAYON BY ELEGENCIA LOUVRE",
          "id": "AC-42982",
          "PropertyKey": {
            "chainCode": "AC",
            "propertyCode": "42982"
          },
          "Rating": [
            {
              "provider": "NTM",
              "value": "2"
            }
          ],
          "GeoLocation": {
            "latitude": "48.8633",
            "longitude": "2.3400"
          }
        },
        "RackRate": {
          "code": "NA",
          "value": 0
        },
        "RelativePosition": {
          "distance": 0.4
        }
      },
      {
        "@type": "PropertyInfo",
        "status": "Close",
        "id": "WV-25628",
        "PropertySummary": {
          "name": "HOTEL PULITZER PARIS",
          "id": "WV-25628",
          "PropertyKey": {
            "chainCode": "WV",
            "propertyCode": "25628"
          },
          "Rating": [
            {
              "provider": "NTM",
              "value": "2"
            }
          ],
          "GeoLocation": {
            "latitude": "48.8733",
            "longitude": "2.3429"
          }
        },
        "RackRate": {
          "code": "NA",
          "value": 0
        },
        "RelativePosition": {
          "distance": 0.4
        }
      },
      {
        "@type": "PropertyInfo",
        "status": "Close",
        "id": "YX-51995",
        "PropertySummary": {
          "name": "PAVILLON OPERA GRANDS BLVDS",
          "id": "YX-51995",
          "PropertyKey": {
            "chainCode": "YX",
            "propertyCode": "51995"
          },
          "Rating": [
            {
              "provider": "NTM",
              "value": "2"
            }
          ],
          "GeoLocation": {
            "latitude": "48.8736",
            "longitude": "2.3442"
          }
        },
        "RackRate": {
          "code": "NA",
          "value": 0
        },
        "RelativePosition": {
          "distance": 0.4
        }
      },
      {
        "@type": "PropertyInfo",
        "status": "Open",
        "id": "AC-C4364",
        "PropertySummary": {
          "name": "LAUTREC OPERA**",
          "id": "AC-C4364",
          "PropertyKey": {
            "chainCode": "AC",
            "propertyCode": "C4364"
          },
          "Rating": [
            {
              "provider": "NTM",
              "value": "0"
            }
          ],
          "GeoLocation": {
            "latitude": "48.8711",
            "longitude": "2.3385"
          }
        },
        "RackRate": {
          "code": "EUR",
          "value": 145
        },
        "RelativePosition": {
          "distance": 0.4
        }
      },
      {
        "@type": "PropertyInfo",
        "status": "Open",
        "id": "AC-C9741",
        "PropertySummary": {
          "name": "PANACHE***",
          "id": "AC-C9741",
          "PropertyKey": {
            "chainCode": "AC",
            "propertyCode": "C9741"
          },
          "Rating": [
            {
              "provider": "NTM",
              "value": "0"
            }
          ],
          "GeoLocation": {
            "latitude": "48.8732",
            "longitude": "2.3432"
          }
        },
        "RackRate": {
          "code": "EUR",
          "value": 270
        },
        "RelativePosition": {
          "distance": 0.4
        }
      },
      {
        "@type": "PropertyInfo",
        "status": "Close",
        "id": "AC-75111",
        "PropertySummary": {
          "name": "LOUVRE SAINTE ANNE OPERA ***",
          "id": "AC-75111",
          "PropertyKey": {
            "chainCode": "AC",
            "propertyCode": "75111"
          },
          "Rating": [
            {
              "provider": "NTM",
              "value": "0"
            }
          ],
          "GeoLocation": {
            "latitude": "48.8669",
            "longitude": "2.3387"
          }
        },
        "RackRate": {
          "code": "NA",
          "value": 0
        },
        "RelativePosition": {
          "distance": 0.2
        }
      },
      {
        "@type": "PropertyInfo",
        "status": "Close",
        "id": "AC-A8161",
        "PropertySummary": {
          "name": "CRAYON ROUGE ELEGANCIA LOUVRE",
          "id": "AC-A8161",
          "PropertyKey": {
            "chainCode": "AC",
            "propertyCode": "A8161"
          },
          "Rating": [
            {
              "provider": "NTM",
              "value": "0"
            }
          ],
          "GeoLocation": {
            "latitude": "48.8645",
            "longitude": "2.3403"
          }
        },
        "RackRate": {
          "code": "NA",
          "value": 0
        },
        "RelativePosition": {
          "distance": 0.3
        }
      },
      {
        "@type": "PropertyInfo",
        "status": "Close",
        "id": "AC-D1007",
        "PropertySummary": {
          "name": "LOUVRE RICHELIEU ***",
          "id": "AC-D1007",
          "PropertyKey": {
            "chainCode": "AC",
            "propertyCode": "D1007"
          },
          "Rating": [
            {
              "provider": "NTM",
              "value": "0"
            }
          ],
          "GeoLocation": {
            "latitude": "48.8664",
            "longitude": "2.3372"
          }
        },
        "RackRate": {
          "code": "NA",
          "value": 0
        },
        "RelativePosition": {
          "distance": 0.3
        }
      },
      {
        "@type": "PropertyInfo",
        "status": "Close",
        "id": "WV-C7453",
        "PropertySummary": {
          "name": "THE HOXTON PARIS",
          "id": "WV-C7453",
          "PropertyKey": {
            "chainCode": "WV",
            "propertyCode": "C7453"
          },
          "Rating": [
            {
              "provider": "NTM",
              "value": "0"
            }
          ],
          "GeoLocation": {
            "latitude": "48.8701",
            "longitude": "2.3469"
          }
        },
        "RackRate": {
          "code": "NA",
          "value": 0
        },
        "RelativePosition": {
          "distance": 0.3
        }
      },
      {
        "@type": "PropertyInfo",
        "status": "Close",
        "id": "AC-83336",
        "PropertySummary": {
          "name": "ATEL LOUVRE MARSOLLIER",
          "id": "AC-83336",
          "PropertyKey": {
            "chainCode": "AC",
            "propertyCode": "83336"
          },
          "Rating": [
            {
              "provider": "NTM",
              "value": "0"
            }
          ],
          "GeoLocation": {
            "latitude": "48.8691",
            "longitude": "2.3358"
          }
        },
        "RackRate": {
          "code": "NA",
          "value": 0
        },
        "RelativePosition": {
          "distance": 0.4
        }
      },
      {
        "@type": "PropertyInfo",
        "status": "Close",
        "id": "YX-04281",
        "PropertySummary": {
          "name": "HOTEL ILE DE FRANCE OPERA",
          "id": "YX-04281",
          "PropertyKey": {
            "chainCode": "YX",
            "propertyCode": "04281"
          },
          "Rating": [
            {
              "provider": "NTM",
              "value": "0"
            }
          ],
          "GeoLocation": {
            "latitude": "48.8690",
            "longitude": "2.3350"
          }
        },
        "RackRate": {
          "code": "NA",
          "value": 0
        },
        "RelativePosition": {
          "distance": 0.4
        }
      }
    ],
    "NextSteps": {
      "NextStep": [
        {
          "id": "1"
        }
      ]
    }
  }
}